nome,instituicao,tipo,prazo,link,observacoes
Funarte de Apoio à Produção Audiovisual,Funarte,Curtas;Longas;Series,2025-12-15,https://funarte.gov.br/editais,Fundos públicos;Prioriza audiovisual
Edital de Desenvolvimento Audiovisual,Ancine,Curtas;Longas;Series,2025-11-30,https://ancine.gov.br/editais,Coprodução;Laboratórios de pitching
Programa de Incentivo à Cultura,MinC,Curtas;Longas;Série,2025-10-20,https://cultura.gov.br/editais,Fundos grandes;Leis de incentivo
Chamamento SAv,Secretaria do Audiovisual,Curtas;Longas;Documentário,2025-11-10,https://secretariaaudiovisual.gov.br/editais,Exibição em plataforma pública
Edital Ibram,Ibram,Museus;Documentários,2025-12-05,https://ibram.gov.br/editais,Projetos ligados a patrimônio e museus
Edital Iphan,Iphan,Curta;Documentário;Patrimônio,2025-11-25,https://iphan.gov.br/editais,Patrimônio histórico
Petrobras Cultural,Petrobras Cultural,Curtas;Longas;Series,2025-12-01,https://petrobras.com.br/cultura,Fundos privados;Audiovisual
Caixa Cultural / CCBB,Caixa Cultural / CCBB,Curta;Longa;Documentário,2025-11-28,https://caixacultural.com.br/editais,Projetos institucionais;Exposições
Edital Sistema S,Sesc / Sesi / Senac,Curtas;Oficina;Laboratório,2025-12-20,https://sesc.com.br/editais,Pequenos projetos;Formação
BNDES Cultura,BNDES,Curtas;Longas;Series,2025-11-30,https://bndes.gov.br/cultura,Fundos grandes;Coprodução
Programa Itaú Cultural,Instituto Itaú Cultural,Curtas;Longas;Documentário,2025-12-10,https://itaucultural.org.br/editais,Fundos privados;Audiovisual
Edital Instituto Moreira Salles,IMS,Curtas;Documentário,2025-12-05,https://ims.com.br/editais,Privado;Experimental;Audiovisual
Edital Fundação Roberto Marinho,Fundação Roberto Marinho,Curtas;Documentário;Série,2025-12-15,https://frm.org.br/editais,Privado;Institucional;Audio


